﻿{
  "chart": {
    "caption": "一周访问统计",
    "subCaption": "上周",
    "xAxisName": "天",
    "yAxisName": "访问次数",
    "numberPrefix": "",
    "paletteColors": "#0075c2",
    "bgColor": "#ffffff",
    "showBorder": "0",
    "showCanvasBorder": "0",
    "plotBorderAlpha": "10",
    "usePlotGradientColor": "0",
    "plotFillAlpha": "50",
    "showXAxisLine": "1",
    "axisLineAlpha": "25",
    "divLineAlpha": "10",
    "showValues": "1",
    "showAlternateHGridColor": "0",
    "captionFontSize": "14",
    "subcaptionFontSize": "14",
    "subcaptionFontBold": "0",
    "toolTipColor": "#ffffff",
    "toolTipBorderThickness": "0",
    "toolTipBgColor": "#000000",
    "toolTipBgAlpha": "80",
    "toolTipBorderRadius": "2",
    "toolTipPadding": "5"
  },

  "data": [
    {
      "label": "Mon",
      "value": "132"
    },
    {
      "label": "Tue",
      "value": "223"
    },
    {
      "label": "Wed",
      "value": "232"
    },
    {
      "label": "Thu",
      "value": "342"
    },
    {
      "label": "Fri",
      "value": "231"
    },
    {
      "label": "Sat",
      "value": "372"
    },
    {
      "label": "Sun",
      "value": "431"
    }
  ]
}