﻿{
  "chart": {
    "caption": "科目：《MIS操作系统》",
    "subCaption": "易错章节排名",
    "yAxisName": "错题数",
    "numberPrefix": "",
    "paletteColors": "#0075c2",
    "bgColor": "#ffffff",
    "showBorder": "0",
    "showCanvasBorder": "0",
    "usePlotGradientColor": "0",
    "plotBorderAlpha": "10",
    "placeValuesInside": "1",
    "valueFontColor": "#ffffff",
    "showAxisLines": "1",
    "axisLineAlpha": "25",
    "divLineAlpha": "10",
    "alignCaptionWithCanvas": "0",
    "showAlternateVGridColor": "0",
    "captionFontSize": "14",
    "subcaptionFontSize": "14",
    "subcaptionFontBold": "0",
    "toolTipColor": "#ffffff",
    "toolTipBorderThickness": "0",
    "toolTipBgColor": "#000000",
    "toolTipBgAlpha": "80",
    "toolTipBorderRadius": "2",
    "toolTipPadding": "5"
  },

  "data": [
    {
      "label": "存储器管理",
      "value": "57"
    },
    {
      "label": "处理机调度与死锁",
      "value": "45"
    },
    {
      "label": "进程管理",
      "value": "39"
    },
    {
      "label": "设备管理",
      "value": "35"
    },
    {
      "label": "文件管理",
      "value": "32"
    }
  ]
}